,0,1
0,-0.48633718,-0.954186
1,-0.32507497,-1.2818377
2,-1.0200692,-0.44717813
3,-0.32209826,-1.2896285
4,-0.12965482,-2.1070065
5,-0.352572,-1.2136122
6,-4.020893,-0.018099738
7,-0.1462963,-1.9943781
8,-0.29943267,-1.351849
9,-0.10032952,-2.3490405
10,-3.3662276,-0.035129514
11,-1.384883,-0.2881529
12,-2.4083045,-0.09427525
13,-3.8116777,-0.022359181
14,-0.45799863,-1.0011635
15,-0.83040756,-0.5724733
16,-0.11707781,-2.202884
17,-0.3676514,-1.1788201
18,-0.10368708,-2.317773
19,-2.0627277,-0.13594201
20,-1.4435862,-0.26929173
21,-0.29473844,-1.3654189
22,-3.9177146,-0.020086918
23,-3.6489289,-0.026363496
24,-0.21992335,-1.6224235
25,-3.0198596,-0.050039448
26,-2.182354,-0.11965747
27,-3.0136285,-0.050360177
28,-0.15397193,-1.9469833
29,-2.1852345,-0.11929188
30,-0.42002577,-1.070112
31,-3.466825,-0.03171356
32,-2.2348547,-0.11317732
33,-0.097258136,-2.378622
34,-3.0598924,-0.0480278
35,-0.31270078,-1.3147879
36,-0.8595553,-0.55052036
37,-0.13208625,-2.0896168
38,-1.0327047,-0.4401228
39,-0.76544714,-0.6257239
40,-0.9776274,-0.4719296
41,-2.59127,-0.077880226
42,-0.46623513,-0.98714185
43,-3.9792185,-0.018877257
44,-1.370607,-0.29296637
45,-3.9875164,-0.018719789
46,-0.13237138,-2.0875995
47,-0.2189356,-1.6264491
48,-3.5111985,-0.030315988
49,-0.5746701,-0.8275716
50,-2.946236,-0.05396752
51,-2.9089453,-0.05607649
52,-2.0817804,-0.1331977
53,-0.15317875,-1.9517612
54,-0.9037651,-0.51926404
55,-0.3083711,-1.3266776
56,-2.5311425,-0.08291219
57,-3.7594106,-0.02357314
58,-0.24356689,-1.5316765
59,-1.4233848,-0.2756181
60,-3.6067224,-0.02751578
61,-0.86590767,-0.54588234
62,-2.1062279,-0.12976268
63,-0.24893875,-1.512437
64,-1.8187504,-0.17700976
65,-2.111958,-0.12897134
66,-0.35410896,-1.2099859
67,-3.010789,-0.050507076
68,-2.0525126,-0.13743827
69,-0.13197635,-2.0903947
70,-1.8242872,-0.17594108
71,-1.3072119,-0.31549662
72,-0.44554785,-1.0229669
73,-1.3453603,-0.3017078
74,-0.21735136,-1.632948
75,-1.128036,-0.39107168
76,-1.2969433,-0.31933254
77,-1.7641281,-0.1879407
78,-1.6511803,-0.21297468
79,-0.42885548,-1.0534115
80,-2.7963104,-0.06297687
81,-0.6518964,-0.73617303
82,-0.678398,-0.708117
83,-0.63138455,-0.75897694
84,-1.7314689,-0.19482848
85,-0.29639643,-1.3605978
86,-2.0078082,-0.14419682
87,-0.99947566,-0.45898038
88,-0.6039863,-0.79104286
89,-1.0808313,-0.41447556
90,-3.7646787,-0.02344785
91,-1.4944108,-0.2540936
92,-1.0190442,-0.4477566
93,-0.30327576,-1.3409212
94,-0.5434628,-0.8692492
95,-0.09358234,-2.4153404
96,-0.70967215,-0.6768908
97,-2.8559258,-0.059222072
98,-3.9194207,-0.020052332
99,-2.318574,-0.1035997
100,-0.9887415,-0.46528608
101,-0.47519815,-0.97223115
102,-1.4263686,-0.2746731
103,-1.5268929,-0.24489023
104,-1.3512638,-0.29963702
105,-1.5502284,-0.23851044
106,-2.3686857,-0.098278545
107,-3.9991105,-0.01850203
108,-0.66426176,-0.72289187
109,-0.19650821,-1.7236968
110,-2.1670527,-0.12161929
111,-0.24831577,-1.5146441
112,-1.7629013,-0.18819445
113,-0.35182407,-1.2153838
114,-0.40575817,-1.0980263
115,-3.4299164,-0.032925796
116,-3.1659484,-0.04308932
117,-0.107176915,-2.2863839
118,-1.3414367,-0.30309317
119,-2.503693,-0.08532091
120,-1.3955517,-0.28461522
121,-0.18056987,-1.800564
122,-4.025565,-0.018014625
123,-0.4474153,-1.0196487
124,-1.7440858,-0.19213527
125,-2.6480396,-0.073420376
126,-0.8779233,-0.537247
127,-0.2506751,-1.506318
128,-1.3833936,-0.2886509
129,-0.27346805,-1.4301903
130,-2.908741,-0.05608832
131,-0.12630647,-2.131533
132,-1.3463118,-0.30137298
133,-3.0582101,-0.048110623
134,-0.18491748,-1.7788799
135,-3.1916192,-0.04197394
136,-0.33389372,-1.2592385
137,-3.3514116,-0.035663296
138,-1.143445,-0.3837807
139,-0.15272504,-1.9545069
140,-0.86109227,-0.5493935
141,-0.3048809,-1.3364043
142,-1.0834632,-0.4131266
143,-1.0902584,-0.40966833
144,-1.3214144,-0.31027916
145,-0.6086537,-0.78544414
146,-0.82543707,-0.57633084
147,-0.9570142,-0.4845697
148,-0.2582524,-1.4801667
149,-0.14603542,-1.9960351
150,-0.100962706,-2.343061
151,-3.51552,-0.030183328
152,-0.93361574,-0.49944
153,-2.9137785,-0.055798396
154,-0.5383108,-0.8764294
155,-3.84942,-0.021522067
156,-1.2948691,-0.320114
157,-1.4492303,-0.26755396
158,-1.781372,-0.18441214
159,-0.18229696,-1.7918828
160,-2.0813043,-0.13326553
161,-0.28030896,-1.4087455
162,-0.2710613,-1.4378814
163,-0.32566106,-1.2803136
164,-0.59856737,-0.79761565
165,-0.5970866,-0.7994255
166,-0.78015023,-0.6131114
167,-2.936583,-0.054505453
168,-1.053143,-0.42899925
169,-1.2946428,-0.32019934
170,-3.9753432,-0.018951302
171,-1.0938361,-0.40786177
172,-0.6104407,-0.7833158
173,-0.6239817,-0.7674544
174,-0.14467432,-2.0047352
175,-0.41691706,-1.0760945
176,-0.08416511,-2.5167627
177,-3.9341834,-0.019755509
178,-0.69544417,-0.6908554
179,-0.12998776,-2.1046045
180,-0.14812663,-1.9828372
181,-4.0102763,-0.018294761
182,-0.10223316,-2.3311808
183,-0.108152166,-2.2778046
184,-0.6098622,-0.7840039
185,-0.26462913,-1.4588243
186,-0.11622744,-2.2097576
187,-2.1807032,-0.1198675
188,-2.7928593,-0.063201606
189,-3.6456742,-0.026450573
190,-0.92682093,-0.50386655
191,-1.8997499,-0.1620556
192,-0.09275695,-2.4237924
193,-2.0920613,-0.13174148
194,-3.879651,-0.02087445
195,-1.0609487,-0.42484254
196,-2.9606385,-0.053174887
197,-0.0920196,-2.4314106
198,-0.3323848,-1.2630551
199,-0.25923237,-1.4768482
200,-0.27849033,-1.4143877
201,-0.24887285,-1.5126703
202,-0.53897727,-0.8754958
203,-0.11155516,-2.2484953
204,-1.8143017,-0.17787346
205,-3.7313657,-0.024251824
206,-1.2733343,-0.32836077
207,-0.2076488,-1.6739357
208,-0.31821856,-1.2999101
209,-0.5689781,-0.8349496
210,-0.9887415,-0.46528608
211,-3.9828203,-0.018808821
212,-1.7485005,-0.19120248
213,-3.895659,-0.020539448
214,-2.306068,-0.10497425
215,-0.34928828,-1.2214235
216,-1.8793082,-0.16569541
217,-1.305325,-0.3161974
218,-0.7475372,-0.6415635
219,-0.23578137,-1.5604258
220,-1.0145383,-0.45031053
221,-3.7860796,-0.022945607
222,-0.3351857,-1.2559865
223,-0.42855078,-1.0539806
224,-2.248556,-0.111548014
225,-0.7278901,-0.65957093
226,-2.9385068,-0.054397866
227,-2.7436662,-0.06649679
228,-1.5803802,-0.2305419
229,-3.4608092,-0.031908024
230,-0.70822936,-0.67828906
231,-0.49609342,-0.93880403
232,-0.52548295,-0.8946998
233,-1.071249,-0.4194327
234,-0.22317255,-1.6093221
235,-2.9610949,-0.053150017
236,-0.10729899,-2.285306
237,-2.0021944,-0.14507045
238,-1.9253429,-0.15762004
239,-0.9858783,-0.46698648
240,-0.47958413,-0.9650628
241,-1.1385108,-0.38609734
242,-2.3665268,-0.09850186
243,-3.8099592,-0.022398
244,-0.79398835,-0.60155
245,-2.7864487,-0.06362128
246,-0.37007475,-1.1733875
247,-0.12833238,-2.1166117
248,-3.2378178,-0.040040478
249,-0.25477025,-1.4920752
250,-0.40601498,-1.0975134
251,-2.5295722,-0.08304813
252,-2.9319987,-0.05476291
253,-3.9466267,-0.019508867
254,-1.2748609,-0.32776803
255,-2.3360803,-0.10170717
256,-3.7572353,-0.023625068
257,-2.5218215,-0.08372206
258,-1.132503,-0.38894093
259,-0.83294684,-0.5705158
260,-2.2294407,-0.11382807
261,-0.83198875,-0.57125336
262,-2.732713,-0.067254305
263,-3.0908687,-0.04652826
264,-0.13203068,-2.0900104
265,-0.682814,-0.7035882
266,-0.77309597,-0.61911976
267,-2.9058332,-0.056256354
268,-1.0220338,-0.44607192
269,-3.505826,-0.030481815
270,-1.1969879,-0.35968345
271,-0.8290793,-0.5735009
272,-3.7594833,-0.023571394
273,-0.39717463,-1.1154022
274,-0.34765053,-1.2253519
275,-3.912245,-0.020198142
276,-2.0793743,-0.13354103
277,-1.3508432,-0.299784
278,-0.6743521,-0.7123024
279,-1.1004229,-0.4045611
280,-0.8409169,-0.56442827
281,-2.9555461,-0.053453706
282,-0.2991952,-1.3525294
283,-0.18062481,-1.8002867
284,-3.8732095,-0.021010684
285,-3.9234145,-0.01997159
286,-0.096943334,-2.381709
287,-1.5804982,-0.23051132
288,-3.6304193,-0.026862632
289,-0.7337291,-0.65414816
290,-0.80939376,-0.58901757
291,-0.26256448,-1.4656701
292,-0.28113785,-1.4061877
293,-0.15815552,-1.9222122
294,-3.6455998,-0.026452545
295,-0.55204415,-0.8574833
296,-0.28381035,-1.3980001
297,-0.8332952,-0.5702478
298,-0.38550738,-1.1397641
299,-3.5029094,-0.030572234
300,-0.7227238,-0.6644202
301,-1.2764425,-0.32715523
302,-1.4219805,-0.27606413
303,-0.32691008,-1.277076
304,-3.5311453,-0.029708296
305,-0.2819252,-1.4037664
306,-3.3523319,-0.035629936
307,-0.26020467,-1.4735695
308,-1.4257274,-0.27487588
309,-0.61940956,-0.77275807
310,-0.08717498,-2.483109
311,-3.3903832,-0.034276534
312,-0.13587072,-2.0632179
313,-2.6606674,-0.07246485
314,-1.0462708,-0.43270034
315,-0.2906182,-1.3775373
316,-3.777353,-0.023149122
317,-3.88532,-0.020755127
318,-0.7900154,-0.60483927
319,-2.2431707,-0.11218543
320,-3.180934,-0.042434614
321,-3.760507,-0.023546943
322,-0.26346713,-1.4626698
323,-2.1379898,-0.12544036
324,-1.0393518,-0.43646654
325,-2.710766,-0.06879923
326,-0.31276128,-1.3146231
327,-3.9442782,-0.01955516
328,-0.16852354,-1.8637583
329,-0.34450734,-1.2329531
330,-0.76674813,-0.6245939
331,-1.5928912,-0.22732334
332,-0.804054,-0.59332186
333,-0.78372014,-0.61010075
334,-2.4066687,-0.0944371
335,-0.6870965,-0.6992348
336,-3.5332572,-0.029644763
337,-0.30999574,-1.322194
338,-3.9053154,-0.020340074
339,-0.78436685,-0.60955733
340,-0.45748305,-1.0020517
341,-0.19150363,-1.7470726
342,-1.5595757,-0.23600754
343,-4.0072536,-0.01835059
344,-0.46890312,-0.9826662
345,-0.9083811,-0.5161338
346,-0.30228254,-1.34373
347,-0.3711012,-1.1710994
348,-0.1562669,-1.9333062
349,-0.49737406,-0.9368137
350,-0.75663155,-0.63345355
351,-0.10045405,-2.3478615
352,-2.8209903,-0.061393548
353,-0.8324642,-0.57088727
354,-0.47201794,-0.9774808
355,-0.37241727,-1.1681769
356,-3.1175425,-0.04527545
357,-2.2330873,-0.11338925
358,-0.3992331,-1.1111941
359,-1.2631869,-0.33233288
360,-3.7255938,-0.024393883
361,-1.4603164,-0.2641775
362,-0.16844043,-1.8642114
363,-0.5502025,-0.8599885
364,-3.5814402,-0.02823027
365,-0.34499064,-1.2317791
366,-0.14359827,-2.0116758
367,-0.326198,-1.2789199
368,-0.94876826,-0.48974547
369,-1.7594551,-0.1889096
370,-1.7344561,-0.19418715
371,-2.1382625,-0.12540388
372,-1.5981808,-0.22597776
373,-3.509827,-0.030358315
374,-2.131321,-0.12633494
375,-3.9636266,-0.019176798
376,-0.31509385,-1.3082982
377,-1.8535551,-0.17040786
378,-1.4992182,-0.2527071
379,-0.45374048,-1.0085363
380,-0.096282154,-2.3882267
381,-3.2354097,-0.040138967
382,-0.15867655,-1.9191767
383,-3.3805013,-0.034622855
384,-2.6979272,-0.069719896
385,-0.36667758,-1.1810151
386,-0.8187961,-0.58153814
387,-0.10183132,-2.334921
388,-2.3093183,-0.10461517
389,-2.8131292,-0.061893325
390,-1.3729682,-0.29216385
391,-1.0057707,-0.45533207
392,-3.9193928,-0.020052917
393,-0.11622744,-2.2097576
394,-0.5887262,-0.8097571
395,-0.1991385,-1.711672
396,-2.4663522,-0.0887153
397,-1.3429863,-0.30254525
398,-0.2674325,-1.449626
399,-0.5964875,-0.8001596
400,-1.2681155,-0.33039662
401,-2.981373,-0.05205475
402,-0.93508685,-0.4984884
403,-3.4358704,-0.03272715
404,-3.9315767,-0.019807635
405,-0.08846185,-2.4690883
406,-0.19643565,-1.7240309
407,-0.12213312,-2.163089
408,-0.79652405,-0.599463
409,-1.4757099,-0.25956947
410,-0.1761501,-1.8232014
411,-3.3804324,-0.034625392
412,-0.29904813,-1.3529513
413,-1.9844911,-0.14786282
414,-0.09736121,-2.3776126
415,-0.34377304,-1.234741
416,-0.52807724,-0.89095867
417,-0.24757254,-1.5172852
418,-3.358179,-0.035418477
419,-2.6425192,-0.07384221
420,-0.22913288,-1.585833
421,-0.3103016,-1.3213525
422,-0.77212244,-0.61995506
423,-0.28484532,-1.3948534
424,-2.5641127,-0.08011251
425,-3.998301,-0.018517127
426,-0.15707065,-1.9285669
427,-0.43719146,-1.0380286
428,-0.7978293,-0.5983924
429,-0.15175873,-1.9603829
430,-1.3925307,-0.2856119
431,-0.15067573,-1.9670174
432,-1.7565769,-0.18950906
433,-2.557176,-0.08069319
434,-0.7629087,-0.6279366
435,-1.6406085,-0.21550038
436,-0.33099157,-1.2665975
437,-3.3483057,-0.03577625
438,-2.7436662,-0.06649679
439,-0.15815552,-1.9222122
440,-0.77211416,-0.6199621
441,-1.0750268,-0.41746977
442,-0.14413665,-2.0081964
443,-0.124881625,-2.14218
444,-0.12520531,-2.1397502
445,-0.560747,-0.8457916
446,-0.28446043,-1.3960222
447,-2.657215,-0.07272483
448,-0.28453854,-1.3957846
449,-1.3534586,-0.2988714
450,-2.1398058,-0.12519784
451,-2.9060047,-0.056246437
452,-0.116312236,-2.2090695
453,-0.8888685,-0.5295339
454,-1.5406171,-0.24111521
455,-3.7538702,-0.023705631
456,-0.10348426,-2.319631
457,-1.9925096,-0.1465909
458,-2.7437844,-0.066488646
459,-0.42409512,-1.0623623
460,-3.7526524,-0.02373485
461,-0.7123086,-0.6743459
462,-0.53638333,-0.8791387
463,-0.4213503,-1.0675793
464,-0.62874675,-0.76198226
465,-0.113695614,-2.2305393
466,-3.6597352,-0.026076436
467,-0.46461198,-0.98988056
468,-0.45801547,-1.0011345
469,-2.1842918,-0.11941143
470,-0.36601776,-1.1825063
471,-0.58539164,-0.813932
472,-2.2608876,-0.11010271
473,-0.69408244,-0.6922129
474,-2.3363929,-0.10167368
475,-0.33380145,-1.2594713
476,-2.9981654,-0.05116535
477,-1.9440616,-0.15445907
478,-1.8062901,-0.17944053
479,-0.8274565,-0.5747595
480,-3.3786223,-0.034689184
481,-1.5824252,-0.2300123
482,-2.6097038,-0.076402076
483,-0.124880254,-2.14219
484,-3.19579,-0.041795604
485,-1.1160514,-0.39685822
486,-3.7958648,-0.022719562
487,-1.8991495,-0.16216122
488,-0.19311929,-1.7394536
489,-3.0417442,-0.0489293
490,-2.583124,-0.07854299
491,-3.4424293,-0.03250965
492,-0.69411963,-0.6921756
493,-0.3755481,-1.1612731
494,-0.63560486,-0.754204
495,-0.70184,-0.6845293
496,-3.5282316,-0.029796354
497,-0.8600136,-0.55018395
498,-0.6228853,-0.7687215
499,-1.0332539,-0.4398193
500,-2.5304108,-0.0829755
501,-0.52299905,-0.8983041
502,-0.20002373,-1.7076647
503,-0.4598918,-0.9979129
504,-0.638849,-0.7505638
505,-0.21476716,-1.6436634
506,-2.5589237,-0.08054649
507,-2.3733556,-0.0977976
508,-3.987607,-0.018718151
509,-0.55109054,-0.85877913
510,-1.1686883,-0.37218648
511,-2.742153,-0.06660085
512,-0.33432877,-1.258142
513,-2.3123894,-0.10427711
514,-3.391678,-0.034231376
515,-0.4812461,-0.96236813
516,-0.72732866,-0.66009545
517,-3.5846899,-0.028137438
518,-0.81095374,-0.58776784
519,-0.9594853,-0.48303217
520,-1.4201454,-0.27664825
521,-1.4143418,-0.27850506
522,-3.7561479,-0.023651147
523,-0.5309152,-0.8868933
524,-1.490495,-0.2552293
525,-0.49783778,-0.93609434
526,-0.85581553,-0.55327475
527,-1.354339,-0.29856482
528,-2.2338214,-0.11330112
529,-3.6493993,-0.026350956
530,-3.552144,-0.029081939
531,-1.1265469,-0.39178506
532,-1.3751584,-0.2914218
533,-0.34778592,-1.2250265
534,-2.8839102,-0.057539836
535,-0.92504704,-0.5050304
536,-0.11349131,-2.232238
537,-3.8353224,-0.021830965
538,-0.33243284,-1.2629333
539,-0.630928,-0.7594959
540,-0.20754012,-1.6744064
541,-0.93508685,-0.4984884
542,-1.4234228,-0.27560607
543,-3.9816384,-0.018831283
544,-0.31842747,-1.2993529
545,-0.08614459,-2.4944916
546,-0.08667686,-2.4885933
547,-3.022782,-0.049889646
548,-3.7255125,-0.024395976
549,-3.2895267,-0.037983805
550,-0.29578832,-1.3623624
551,-3.7249649,-0.024409471
552,-0.28201467,-1.4034917
553,-0.08607459,-2.495269
554,-2.6122448,-0.07620061
555,-0.15033607,-1.9691086
556,-1.581479,-0.2302572
557,-0.13727379,-2.0536299
558,-0.327069,-1.2766653
559,-0.46787208,-0.984392
560,-2.7419584,-0.06661423
561,-0.24645224,-1.5212835
562,-2.4039516,-0.0947065
563,-0.5691722,-0.8346965
564,-0.2397454,-1.5456569
565,-0.6196029,-0.77253264
566,-0.4513659,-1.0126854
567,-0.6011435,-0.7944813
568,-1.1578511,-0.3771117
569,-1.8782411,-0.16588782
570,-2.069367,-0.13497892
571,-0.8384704,-0.5662879
572,-0.25925004,-1.4767885
573,-0.8768632,-0.53800166
574,-0.9826631,-0.4689049
575,-0.5797721,-0.8210397
576,-0.24923314,-1.5113962
577,-1.1517218,-0.3799319
578,-3.154937,-0.04357687
579,-0.15709388,-1.9284302
580,-1.2211534,-0.34940124
581,-3.0325532,-0.049392343
582,-0.9462273,-0.49135447
583,-0.30466098,-1.3370216
584,-0.09859001,-2.3656754
585,-3.1073098,-0.045751914
586,-0.8229144,-0.5783016
587,-0.16802867,-1.8664591
588,-2.6764855,-0.0712861
589,-3.3430564,-0.035967972
590,-0.33219028,-1.2635489
591,-0.20189323,-1.6992651
592,-3.9421148,-0.019597946
593,-0.31602436,-1.3057902
594,-0.40740293,-1.094748
595,-3.8208349,-0.022153059
596,-3.7569656,-0.023631588
597,-0.61549056,-0.777346
598,-3.6882987,-0.025332741
599,-0.6342866,-0.7556902
600,-3.888147,-0.020695928
601,-0.18048847,-1.8009758
602,-1.5886657,-0.22840466
603,-0.10265496,-2.3272705
604,-3.9390357,-0.019658962
605,-3.9971938,-0.01853784
606,-1.6787338,-0.2065447
607,-1.0281035,-0.44267592
608,-3.4516819,-0.032205302
609,-2.723493,-0.06789887
610,-3.6095858,-0.027435986
611,-0.24517256,-1.525876
612,-1.2680888,-0.33040705
613,-0.6739896,-0.712679
614,-0.7558285,-0.63416404
615,-0.4610523,-0.9959284
616,-1.628249,-0.21849553
617,-3.6620371,-0.026015693
618,-0.7290102,-0.6585258
619,-3.7491913,-0.023818199
620,-0.6645753,-0.72255963
621,-2.3478558,-0.10045459
622,-1.6849236,-0.20513007
623,-3.5467834,-0.029240562
624,-0.32507497,-1.2818377
625,-0.18336295,-1.786569
626,-0.6092974,-0.78467655
627,-3.9220412,-0.019999284
628,-0.59627175,-0.80042416
629,-0.23992229,-1.5450041
630,-3.8668156,-0.0211469
631,-1.598309,-0.22594523
632,-1.5989476,-0.22578345
633,-2.2340078,-0.11327887
634,-0.30825657,-1.3269949
635,-0.99989974,-0.45873344
636,-2.7755485,-0.06434152
637,-1.838177,-0.17329118
638,-0.15567961,-1.9367856
639,-2.885813,-0.057427175
640,-4.0048003,-0.018396119
641,-0.17158039,-1.8472672
642,-0.24112317,-1.5405879
643,-0.9642365,-0.48009303
644,-0.5125582,-0.9136973
645,-3.908805,-0.020268468
646,-3.8877053,-0.020705152
647,-0.19994545,-1.7080181
648,-0.23535167,-1.5620434
649,-0.5792098,-0.8217559
650,-1.3677475,-0.29394153
651,-1.3824981,-0.2889506
652,-3.9611695,-0.019224394
653,-2.8648853,-0.05867802
654,-3.600166,-0.027699234
655,-0.6783029,-0.7082151
656,-0.22516635,-1.6013873
657,-2.7686753,-0.06479994
658,-0.83848315,-0.5662781
659,-0.6900037,-0.6963006
660,-2.4916656,-0.08639917
661,-0.10757694,-2.282855
662,-4.0248475,-0.01802762
663,-0.1660829,-1.8771605
664,-3.9038932,-0.020369276
665,-2.773769,-0.06445989
666,-0.28322867,-1.3997748
667,-3.0198596,-0.050039448
668,-0.28331974,-1.3994966
669,-3.163389,-0.043202125
670,-0.75663155,-0.63345355
671,-0.42297143,-1.064493
672,-0.97367764,-0.47431922
673,-1.0003488,-0.45847207
674,-0.23355158,-1.5688565
675,-1.7680454,-0.18713261
676,-3.9143662,-0.020154916
677,-0.38106647,-1.1492715
678,-1.7049739,-0.20062046
679,-2.7839234,-0.063787386
680,-0.9973076,-0.4602453
681,-0.22731802,-1.5929122
682,-3.7246041,-0.024418313
683,-1.166526,-0.373163
684,-0.8020563,-0.5949429
685,-0.45353615,-1.0088924
686,-3.7230966,-0.024455655
687,-1.6273717,-0.21870993
688,-0.33010796,-1.2688531
689,-0.80388886,-0.5934556
690,-0.6739896,-0.712679
691,-1.611302,-0.22267805
692,-0.63659596,-0.75308925
693,-1.6623337,-0.21034552
694,-2.267583,-0.109326325
695,-3.541179,-0.029407378
696,-0.3684731,-1.1769733
697,-1.1204402,-0.39472723
698,-3.2556136,-0.039320167
699,-0.89868337,-0.5227384
700,-0.32008776,-1.2949384
701,-4.008052,-0.018335843
702,-0.58699346,-0.8119226
703,-0.35356426,-1.2112688
704,-2.3060932,-0.10497146
705,-1.1004976,-0.4045237
706,-1.1064574,-0.4015655
707,-0.8462084,-0.5604336
708,-0.42310622,-1.0642371
709,-0.5970866,-0.7994255
710,-0.3583925,-1.1999767
711,-0.84543955,-0.5610117
712,-1.9351759,-0.15595096
713,-0.17951515,-1.8059106
714,-0.15857075,-1.9197923
715,-0.7320075,-0.6557406
716,-0.3900021,-1.1302745
717,-0.55109054,-0.85877913
718,-0.4680578,-0.9840807
719,-2.6917949,-0.07016419
720,-1.0648614,-0.4227775
721,-3.0717337,-0.04744885
722,-1.0558746,-0.427539
723,-0.9743779,-0.4738945
724,-3.7531261,-0.02372356
725,-1.7505496,-0.19077131
726,-1.5623573,-0.23526838
727,-0.43238616,-1.0468514
728,-1.0784719,-0.41568947
729,-0.34183916,-1.2394704
730,-3.0899372,-0.04657264
731,-0.1509391,-1.9653991
732,-3.5507152,-0.029124087
733,-3.9835844,-0.018794315
734,-0.186321,-1.7719984
735,-0.5260422,-0.8938913
736,-0.079389885,-2.5728161
737,-2.4612744,-0.08918776
738,-0.4504634,-1.0142695
739,-0.23150238,-1.5766841
740,-0.6870965,-0.6992348
741,-1.1039459,-0.40280893
742,-0.12329784,-2.154168
743,-3.8063889,-0.022479128
744,-1.9775703,-0.14897014
745,-2.3824642,-0.09686641
746,-0.12296004,-2.1567457
747,-3.9342957,-0.019753287
748,-0.47515887,-0.97229576
749,-2.2963982,-0.1060503
750,-0.24138634,-1.5396229
751,-3.380816,-0.034611803
752,-2.4320498,-0.09195806
753,-0.56784827,-0.8364256
754,-4.02789,-0.017972358
755,-0.124100946,-2.1480687
756,-3.7760575,-0.023179406
757,-1.9578335,-0.15217716
758,-1.2909039,-0.32161406
759,-0.5278471,-0.8912896
760,-2.28857,-0.10692993
761,-0.10685494,-2.289235
762,-0.1935625,-1.7373755
763,-1.0275805,-0.44296724
764,-0.14991955,-1.9716797
765,-2.1325786,-0.12616578
766,-0.39547563,-1.1188955
767,-2.7587593,-0.065467305
768,-4.006706,-0.018360773
769,-0.16437691,-1.8866563
770,-0.7338411,-0.6540446
771,-2.9538455,-0.05354727
772,-0.70155764,-0.6848068
773,-2.037836,-0.13961886
774,-0.5434628,-0.8692492
775,-2.4015133,-0.09494904
776,-3.7404647,-0.024029449
777,-0.08117925,-2.551411
778,-0.9391604,-0.4958646
779,-0.08789953,-2.475189
780,-3.7948189,-0.022743683
781,-1.1294153,-0.39041227
782,-0.10938649,-2.2670627
783,-0.7211534,-0.66590405
784,-1.8030312,-0.18008234
785,-0.32555225,-1.2805964
786,-1.5465616,-0.23950036
787,-3.5208726,-0.030019766
788,-0.46890312,-0.9826662
789,-0.16389507,-1.8893578
790,-3.5218527,-0.029989919
791,-3.2232103,-0.04064181
792,-1.0911655,-0.40920937
793,-1.3791041,-0.2900904
794,-1.4492131,-0.26755914
795,-0.47519815,-0.97223115
796,-0.21481842,-1.6434493
797,-0.3526009,-1.2135439
798,-0.08529147,-2.504024
799,-2.5621147,-0.0802793
800,-3.7033045,-0.02495063
801,-3.9452064,-0.019536806
802,-0.3595792,-1.197229
803,-3.9276788,-0.0198857
804,-0.46534085,-0.988649
805,-1.203191,-0.35701022
806,-1.6591986,-0.21108083
807,-0.929858,-0.50188196
808,-0.6640854,-0.72307885
809,-3.3217585,-0.03675666
810,-0.3599038,-1.1964792
811,-0.29241374,-1.3722322
812,-0.3526009,-1.2135439
813,-0.4081495,-1.093265
814,-0.9066007,-0.51733816
815,-0.31632537,-1.3049808
816,-0.16593285,-1.8779918
817,-1.6937715,-0.20312643
818,-0.366232,-1.1820217
819,-3.925067,-0.019938288
820,-2.8378813,-0.06033354
821,-3.0836968,-0.046871167
822,-0.46914697,-0.9822587
823,-3.9312444,-0.019814296
824,-3.3605232,-0.035334017
825,-0.85805213,-0.55162525
826,-0.26521805,-1.4568827
827,-2.2585175,-0.110379025
828,-0.20353828,-1.6919445
829,-0.25756326,-1.4825089
830,-3.6720781,-0.02575235
831,-3.8007798,-0.022606986
832,-3.2543643,-0.03937025
833,-3.9321132,-0.019796882
834,-0.110474244,-2.2577019
835,-0.21028505,-1.6625919
836,-1.7513442,-0.19060443
837,-0.100933395,-2.3433368
838,-0.122276284,-2.1619878
839,-1.4397335,-0.27048534
840,-0.15175934,-1.9603791
841,-0.15541412,-1.9383632
842,-1.8914227,-0.16352768
843,-0.19142105,-1.7474642
844,-3.8067942,-0.022469804
845,-3.1245728,-0.044951033
846,-0.28651208,-1.3898125
847,-3.9253986,-0.019931627
848,-2.6810308,-0.07095102
849,-0.4992593,-0.93389505
850,-2.1456008,-0.12442752
851,-1.1263454,-0.39188164
852,-1.5700339,-0.23324196
853,-0.90737385,-0.5168147
854,-3.8277009,-0.021999838
855,-0.86274296,-0.5481865
856,-0.084817596,-2.509361
857,-0.2631125,-1.4638469
858,-2.687524,-0.07047531
859,-1.0717965,-0.41914752
860,-1.8266042,-0.17549598
861,-2.7726626,-0.06453355
862,-1.0152074,-0.44993007
863,-2.6827228,-0.070826754
864,-0.17333709,-1.8379338
865,-0.36292425,-1.1895412
866,-0.31577656,-1.3064574
867,-0.95333827,-0.48686844
868,-1.394707,-0.28489345
869,-1.5442272,-0.24013308
870,-0.30327576,-1.3409212
871,-0.45327905,-1.0093406
872,-0.8454095,-0.5610344
873,-3.6211736,-0.027115589
874,-2.7829037,-0.0638546
875,-2.5336971,-0.08269173
876,-3.709087,-0.024805047
877,-1.6954398,-0.20275098
878,-2.0946326,-0.13137996
879,-0.18193986,-1.79367
880,-3.9768078,-0.018923346
881,-3.6557508,-0.026181886
882,-0.5085,-0.91978943
883,-2.9046583,-0.056324303
884,-0.97585666,-0.47299898
885,-0.1043379,-2.3118355
886,-3.3384287,-0.036137808
887,-0.2412898,-1.5399771
888,-1.8262442,-0.1755651
889,-1.0582335,-0.42628288
890,-0.13121928,-2.0957778
891,-3.959146,-0.0192638
892,-0.32742438,-1.2757474
893,-3.8443575,-0.021632433
894,-1.303768,-0.316777
895,-3.7273357,-0.024350952
896,-0.5141427,-0.9113356
897,-0.44631663,-1.0215988
898,-0.58409363,-0.8155658
899,-1.9712417,-0.14999045
900,-0.11226045,-2.242539
901,-0.44585246,-1.0224243
902,-0.9195323,-0.50867033
903,-1.5739433,-0.23221767
904,-0.59818655,-0.79808056
905,-0.17844835,-1.8113538
906,-0.11604871,-2.2112088
907,-0.3965487,-1.1166873
908,-0.2059316,-1.6814106
909,-1.666204,-0.20944156
910,-1.8457078,-0.17187254
911,-1.2280496,-0.34653118
912,-0.22326237,-1.608963
913,-0.56817764,-0.83599484
914,-0.23771675,-1.5531806
915,-0.17993826,-1.8037622
916,-0.2631113,-1.4638507
917,-2.51801,-0.08405563
918,-0.42072567,-1.0687726
919,-1.4961149,-0.2536011
920,-0.2553753,-1.489993
921,-1.3273497,-0.30812848
922,-3.9990075,-0.01850402
923,-0.092874825,-2.422581
924,-0.7155647,-0.6712211
925,-3.8395908,-0.021736953
926,-2.886672,-0.057376523
927,-3.0602555,-0.048009958
928,-1.6118683,-0.22253692
929,-1.1126087,-0.39853975
930,-0.31715903,-1.3027437
931,-0.6453782,-0.74331295
932,-1.9118038,-0.15994985
933,-4.0048046,-0.018396001
934,-0.15067604,-1.9670155
935,-1.875719,-0.16634357
936,-0.34377304,-1.234741
937,-0.3982517,-1.1131971
938,-0.61897975,-0.77325934
939,-0.10938649,-2.2670627
940,-0.5793561,-0.82156926
941,-3.4177475,-0.03333566
942,-3.0580256,-0.048119824
943,-1.3189052,-0.31119356
944,-2.4012678,-0.09497354
945,-0.090624176,-2.4460042
946,-0.71344924,-0.6732492
947,-0.3965206,-1.1167449
948,-2.8108728,-0.062037643
949,-0.70186853,-0.6845013
950,-1.5610881,-0.23560525
951,-0.43992534,-1.033062
952,-0.70222825,-0.6841478
953,-1.0639265,-0.42326993
954,-1.0848392,-0.4124235
955,-0.70539904,-0.6810436
956,-0.15737727,-1.9267662
957,-0.18702544,-1.7685665
958,-2.416152,-0.09350277
959,-0.16568744,-1.879352
960,-0.1706058,-1.8524898
961,-0.28589997,-1.3916597
962,-2.2332268,-0.11337254
963,-0.97217286,-0.47523358
964,-0.08583907,-2.497893
965,-0.64158213,-0.7475165
966,-0.16255586,-1.8969105
967,-0.23225358,-1.5738057
968,-0.22156818,-1.6157645
969,-0.36672267,-1.1809132
970,-3.825639,-0.022045784
971,-3.8555205,-0.021389754
972,-2.3391027,-0.10138407
973,-0.26921412,-1.4438372
974,-0.3150699,-1.3083627
975,-3.3641179,-0.035205014
976,-1.0898839,-0.409858
977,-0.78880453,-0.6058466
978,-1.4030484,-0.28215924
979,-0.652189,-0.73585486
980,-0.7853608,-0.6087236
981,-3.9981625,-0.018519701
982,-1.6926856,-0.2033712
983,-0.18571925,-1.7749422
984,-0.9254682,-0.50475377
985,-1.398266,-0.2837232
986,-3.3391922,-0.036109753
987,-0.62045544,-0.77154016
988,-3.8181772,-0.022212638
989,-2.8268676,-0.061022617
990,-0.2705716,-1.4394559
991,-0.62364125,-0.7678475
992,-0.882874,-0.5337404
993,-1.3841896,-0.28838468
994,-2.3235495,-0.10305797
995,-1.0910028,-0.4092917
996,-3.7518287,-0.023754641
997,-0.44056672,-1.0319023
998,-1.0400236,-0.4360991
999,-3.5122092,-0.030284878
1000,-2.3093183,-0.10461517
1001,-0.14656928,-1.9926467
1002,-0.92078507,-0.5078405
1003,-1.8364687,-0.17361471
1004,-0.10242514,-2.3293982
1005,-0.42170706,-1.0668988
1006,-0.43743017,-1.0375931
1007,-3.9835017,-0.018795835
1008,-2.8760924,-0.05800476
1009,-0.57623327,-0.82556224
1010,-0.71700764,-0.6698427
1011,-0.08622432,-2.4936054
1012,-0.8285427,-0.5739167
1013,-0.08449973,-2.5129592
1014,-3.4842505,-0.0311571
1015,-0.649107,-0.7392166
1016,-2.9061038,-0.05624069
1017,-0.85641026,-0.5528355
1018,-3.4625359,-0.031852137
1019,-1.7141002,-0.19860423
1020,-3.3770876,-0.034743413
1021,-3.9561524,-0.019322032
1022,-0.22081272,-1.6188157
1023,-0.54828966,-0.8626015
1024,-3.0541692,-0.048310213
1025,-1.8445802,-0.17208414
1026,-0.34001896,-1.243951
1027,-0.09316691,-2.4195848
1028,-2.0900402,-0.13202639
1029,-0.8595553,-0.55052036
1030,-3.9564762,-0.01931572
1031,-3.7255623,-0.024394697
1032,-1.1831121,-0.3657502
1033,-2.507484,-0.08498394
1034,-3.8243754,-0.022073885
1035,-0.79805017,-0.59821147
1036,-2.3677094,-0.09837946
1037,-1.07323,-0.41840205
1038,-0.33578518,-1.2544826
1039,-1.5740864,-0.23218024
1040,-1.7011493,-0.2014722
1041,-1.1457305,-0.3827132
1042,-2.0317223,-0.14053814
1043,-1.5486472,-0.23893672
1044,-0.8372436,-0.5672233
1045,-1.1312621,-0.38953137
1046,-2.433244,-0.09184312
1047,-0.93982106,-0.49544078
1048,-3.1661263,-0.04308144
1049,-1.0192735,-0.447627
1050,-0.28744754,-1.3869983
1051,-2.2791028,-0.108004086
1052,-0.48853987,-0.9506793
1053,-0.27096558,-1.438189
1054,-2.543663,-0.08183719
1055,-0.18791571,-1.7642488
1056,-2.2245002,-0.11442524
1057,-0.16855083,-1.8636098
1058,-0.7539488,-0.6358315
1059,-2.153305,-0.12341112
1060,-1.3550706,-0.29831034
1061,-1.3620534,-0.29589474
1062,-3.8156917,-0.0222686
1063,-2.0204186,-0.14225495
1064,-0.85776675,-0.55183536
1065,-0.27045652,-1.4398265
1066,-0.9573631,-0.48435217
1067,-3.7499082,-0.023800971
1068,-0.513791,-0.911859
1069,-0.23000388,-1.5824578
1070,-1.5532362,-0.23770171
1071,-2.4321032,-0.09195284
1072,-0.87054694,-0.54252696
1073,-0.22452304,-1.603939
1074,-1.2325017,-0.34469306
1075,-1.7032328,-0.20100781
1076,-2.7184823,-0.06825189
1077,-1.0220338,-0.44607192
1078,-0.30046305,-1.3489032
1079,-0.27579102,-1.4228401
1080,-0.14551198,-1.9993709
1081,-1.9761103,-0.1492048
1082,-0.09309056,-2.4203668
1083,-0.71052825,-0.67606306
1084,-0.59241146,-0.80517906
1085,-0.28800052,-1.3853395
1086,-0.92701507,-0.5037394
1087,-0.9647157,-0.4797978
1088,-0.24261914,-1.5351204
1089,-3.9039536,-0.020368109
1090,-0.580986,-0.8194967
1091,-2.507484,-0.08498394
1092,-3.117678,-0.045269184
1093,-1.1148776,-0.39743063
1094,-0.1609777,-1.9058989
1095,-1.9689225,-0.15036623
1096,-3.7060153,-0.024882259
1097,-1.0456502,-0.43303657
1098,-1.2095857,-0.354279
1099,-0.4787035,-0.9664956
1100,-0.93675697,-0.4974106
1101,-0.8805983,-0.5353486
1102,-0.079828694,-2.5675206
1103,-1.3854623,-0.2879595
1104,-0.33626613,-1.2532784
1105,-2.0321522,-0.1404734
1106,-0.4140865,-1.0815893
1107,-0.106585905,-2.2916236
1108,-0.9650085,-0.47961763
1109,-3.801249,-0.022596264
1110,-0.21677864,-1.6353105
1111,-0.21546462,-1.6407573
1112,-2.3778026,-0.09734184
1113,-1.8508432,-0.17091241
1114,-1.3466403,-0.30125746
1115,-0.38328913,-1.1444963
1116,-2.3907871,-0.09602379
1117,-3.9604948,-0.01923749
1118,-3.5860813,-0.028097799
1119,-1.5842767,-0.22953397
1120,-0.32172573,-1.2906097
1121,-3.478083,-0.03135294
1122,-0.14991955,-1.9716797
1123,-2.4051695,-0.09458569
1124,-0.1767981,-1.8198435
1125,-3.3885007,-0.034342308
1126,-2.9548872,-0.05348998
1127,-1.2631869,-0.33233288
1128,-1.7280887,-0.19555704
1129,-0.12872538,-2.113746
1130,-3.7664475,-0.02340593
1131,-1.2751329,-0.32766253
1132,-0.15188113,-1.9596366
1133,-3.7559304,-0.02365627
1134,-3.7832856,-0.023010498
1135,-0.24765155,-1.5170043
1136,-0.3326103,-1.2624837
1137,-1.7924279,-0.18218787
1138,-0.54989964,-0.86040133
1139,-3.7137551,-0.024688054
1140,-0.4441063,-1.02554
1141,-0.30825657,-1.3269949
1142,-0.46161085,-0.9949756
1143,-0.6180255,-0.77437377
1144,-0.1997714,-1.7088048
1145,-3.5077803,-0.030421454
1146,-0.260819,-1.4715052
1147,-3.605427,-0.027551962
1148,-1.9780569,-0.14889197
1149,-3.8423493,-0.021676412
1150,-1.6294413,-0.2182046
1151,-1.9240073,-0.15784831
1152,-2.6134734,-0.0761034
1153,-3.4907713,-0.030951396
1154,-0.12302455,-2.1562529
1155,-0.9574729,-0.48428386
1156,-1.7675503,-0.18723455
1157,-0.77251536,-0.6196178
1158,-0.21136495,-1.6579907
1159,-3.7989802,-0.022648126
1160,-3.7466545,-0.023879426
1161,-0.2021598,-1.6980745
1162,-2.7211375,-0.06806459
1163,-0.38124064,-1.1488961
1164,-0.511832,-0.91478294
1165,-0.82543707,-0.57633084
1166,-1.8640696,-0.16846652
1167,-3.9727585,-0.01900078
1168,-1.7837417,-0.18393281
1169,-0.16597718,-1.8777461
1170,-0.2839414,-1.3976012
1171,-0.54828966,-0.8626015
1172,-0.6618946,-0.725408
1173,-0.29607013,-1.3615443
1174,-0.10515315,-2.304453
1175,-4.017157,-0.018168107
1176,-3.8408575,-0.021709073
1177,-1.9844911,-0.14786282
1178,-3.7012432,-0.025002833
1179,-0.14771649,-1.9854097
1180,-3.3125327,-0.037103735
1181,-2.7706175,-0.0646701
1182,-0.63117766,-0.7592121
1183,-0.1354576,-2.066061
1184,-4.005276,-0.018387225
1185,-1.6217163,-0.22009736
1186,-0.366232,-1.1820217
1187,-0.5321174,-0.8851797
1188,-0.14413665,-2.0081964
1189,-0.7209063,-0.6661379
1190,-0.22731802,-1.5929122
1191,-2.8550172,-0.059277575
1192,-1.2388139,-0.34210685
1193,-2.1137347,-0.12872696
1194,-1.166526,-0.373163
1195,-3.085647,-0.04677766
1196,-3.6563215,-0.026166674
1197,-1.2074559,-0.35518593
1198,-0.65591156,-0.731823
1199,-0.96453345,-0.4799101
1200,-3.7726645,-0.023259073
1201,-0.22669844,-1.5953431
1202,-0.16131021,-1.9039974
1203,-0.95520604,-0.4856987
1204,-1.8242391,-0.17595027
1205,-3.5012896,-0.030622642
1206,-0.08002855,-2.5651188
1207,-0.7387785,-0.6495075
1208,-3.8224895,-0.022116097
1209,-0.20950633,-1.6659262
1210,-0.9244921,-0.5053952
1211,-0.124402575,-2.1457887
1212,-2.3697126,-0.09817265
1213,-0.6073611,-0.786989
1214,-0.7470201,-0.64202875
1215,-1.3935299,-0.28528187
1216,-2.3697126,-0.09817265
1217,-3.1707826,-0.042876918
1218,-0.27773598,-1.4167402
1219,-3.290648,-0.03794042
1220,-0.6227574,-0.76886946
1221,-0.23778583,-1.5529231
1222,-3.887415,-0.020711225
1223,-2.1111877,-0.12907737
1224,-0.20437045,-1.6882668
1225,-1.6155593,-0.22161908
1226,-0.2631113,-1.4638507
1227,-1.3948114,-0.28485912
1228,-0.65689826,-0.73075956
1229,-0.38276938,-1.1456101
1230,-0.6315402,-0.75880015
1231,-0.15015122,-1.9702485
1232,-0.69544417,-0.6908554
1233,-0.9794069,-0.47085792
1234,-0.45643878,-1.0038543
1235,-3.916843,-0.02010456
1236,-3.8764656,-0.020941693
1237,-1.7016311,-0.2013647
1238,-3.9966543,-0.018548021
1239,-2.5560637,-0.08078677
1240,-1.6147087,-0.22183014
1241,-2.004364,-0.14473219
1242,-0.18830565,-1.7623645
1243,-2.9248245,-0.055168323
1244,-3.1744668,-0.042715877
1245,-1.205792,-0.35589626
1246,-0.78444815,-0.6094892
1247,-0.9132223,-0.5128765
1248,-2.9804385,-0.052104767
1249,-3.9343207,-0.01975282
1250,-0.5085,-0.91978943
1251,-0.4053443,-1.098854
1252,-2.3816562,-0.09694864
1253,-0.6368437,-0.752811
1254,-1.3638455,-0.29527843
1255,-1.5878386,-0.22861713
1256,-0.13553569,-2.065523
1257,-0.9293556,-0.5022094
1258,-2.891404,-0.05709778
1259,-0.7287137,-0.65880233
1260,-0.560968,-0.8454977
1261,-0.3334121,-1.2604547
1262,-0.23253988,-1.5727116
1263,-0.31652814,-1.304436
1264,-3.9376793,-0.019685848
1265,-0.9459113,-0.491555
1266,-0.22542985,-1.6003445
1267,-0.09259244,-2.4254868
1268,-1.4422475,-0.2697058
1269,-1.9519976,-0.15313968
1270,-0.0922828,-2.4286847
1271,-1.3611809,-0.2961953
1272,-3.9804404,-0.018853977
1273,-1.0785918,-0.41562763
1274,-0.20702446,-1.6766452
1275,-1.476116,-0.25944918
1276,-3.9074714,-0.020295803
1277,-3.7842543,-0.022988014
1278,-1.2792128,-0.32608506
1279,-0.1738168,-1.8354033
1280,-2.7752864,-0.06435896
1281,-3.7545931,-0.023688285
1282,-0.28589997,-1.3916597
1283,-0.5550953,-0.8533571
1284,-0.58459604,-0.81493294
1285,-1.113276,-0.39821312
1286,-1.2946428,-0.32019934
1287,-1.3214144,-0.31027916
1288,-0.28740668,-1.3871208
1289,-1.6823659,-0.20571329
1290,-2.1156065,-0.12847003
1291,-1.6566528,-0.21168007
1292,-2.5992124,-0.07723975
1293,-1.7447646,-0.19199145
1294,-0.11949818,-2.183608
1295,-0.6115238,-0.7820298
1296,-0.4348471,-1.0423179
1297,-0.15189372,-1.95956
1298,-2.1943836,-0.11813869
1299,-1.2354909,-0.34346548
1300,-0.3838628,-1.1432695
1301,-1.6934927,-0.20318918
1302,-3.9437466,-0.019565681
1303,-3.8765354,-0.020940177
1304,-0.6126348,-0.7807139
1305,-0.2238068,-1.6067891
1306,-0.1878434,-1.7645985
1307,-0.2674899,-1.4494389
1308,-2.5528555,-0.081057124
1309,-0.53745574,-0.87762976
1310,-0.16202894,-1.8999014
1311,-0.1518759,-1.9596688
1312,-2.267403,-0.109347165
1313,-1.3270609,-0.30823272
1314,-2.622276,-0.0754106
1315,-2.4994702,-0.08569782
1316,-0.38328913,-1.1444963
1317,-1.707407,-0.20008081
1318,-3.6375408,-0.026669508
1319,-0.60196924,-0.7934802
1320,-1.7131759,-0.1988074
1321,-0.56817764,-0.83599484
1322,-0.17951515,-1.8059106
1323,-0.6180255,-0.77437377
1324,-0.3667284,-1.1809005
1325,-2.8803575,-0.05775061
1326,-3.678152,-0.025594335
1327,-3.827603,-0.022001937
1328,-0.2098947,-1.6642618
1329,-2.001616,-0.14516078
1330,-0.69170946,-0.6945869
1331,-0.35401633,-1.2102039
1332,-2.885813,-0.057427175
1333,-0.11012535,-2.2606936
1334,-3.937152,-0.019696366
1335,-3.610177,-0.027419517
1336,-0.94160897,-0.494296
1337,-0.28332055,-1.399494
1338,-0.42413452,-1.0622877
1339,-0.122476794,-2.1604476
1340,-2.757047,-0.0655833
1341,-0.14583504,-1.9973104
1342,-0.349151,-1.221752
1343,-0.17202502,-1.8448949
1344,-1.7426342,-0.19244303
1345,-3.256871,-0.039269734
1346,-0.8458515,-0.56070197
1347,-0.218124,-1.6297718
1348,-0.45337164,-1.0091794
1349,-0.15175934,-1.9603791
1350,-0.5939772,-0.80324566
1351,-2.3100083,-0.10453915
1352,-0.08744492,-2.4801507
1353,-3.541914,-0.029385386
1354,-0.12820087,-2.1175728
1355,-2.8531506,-0.059391603
1356,-0.14624245,-1.9947199
1357,-2.020945,-0.1421745
1358,-0.23596169,-1.5597479
1359,-0.096575946,-2.3853252
1360,-0.39432323,-1.1212755
1361,-2.7875872,-0.06354656
1362,-2.5913808,-0.07787129
1363,-4.023286,-0.01805607
1364,-0.4474153,-1.0196487
1365,-0.50820655,-0.9202321
1366,-0.29943478,-1.351843
1367,-0.6104407,-0.7833158
1368,-0.7065941,-0.6798787
1369,-3.4144986,-0.033445995
1370,-3.1093163,-0.045658074
1371,-3.8406692,-0.021713274
1372,-0.4196875,-1.0707605
1373,-0.2640932,-1.4605954
1374,-1.1383656,-0.38616583
1375,-0.15856841,-1.9198061
1376,-0.1964565,-1.723935
1377,-2.7507322,-0.0660127
1378,-1.967061,-0.15066865
1379,-0.13096802,-2.0975716
1380,-0.1190684,-2.1870005
1381,-1.7815943,-0.18436712
1382,-0.22816072,-1.5896171
1383,-3.9305892,-0.019827385
1384,-0.2530413,-1.4980568
1385,-1.1164095,-0.39668387
1386,-0.65474325,-0.73308516
1387,-1.4534297,-0.26626915
1388,-0.4247847,-1.0610582
1389,-0.33910438,-1.246213
1390,-0.11443279,-2.2244387
1391,-0.3356051,-1.254934
1392,-0.100490704,-2.3475146
1393,-0.4003158,-1.1089911
1394,-0.19672474,-1.7227004
1395,-3.993286,-0.018611092
1396,-0.14174071,-2.0237894
1397,-0.5129423,-0.9131241
1398,-0.18785287,-1.7645528
1399,-2.9452507,-0.054022186
1400,-0.13208187,-2.0896473
1401,-1.133591,-0.3884241
1402,-1.6967455,-0.20245779
1403,-0.4040307,-1.1014874
1404,-0.31821355,-1.2999235
1405,-3.9224641,-0.019990755
1406,-0.4618012,-0.9946511
1407,-0.12558126,-2.136936
1408,-0.120762214,-2.1737049
1409,-2.7098436,-0.06886488
1410,-0.4348471,-1.0423179
1411,-2.9069533,-0.056191556
1412,-0.7681552,-0.6233749
1413,-1.4555221,-0.26563174
1414,-0.42885548,-1.0534115
1415,-0.60776913,-0.78650093
1416,-1.870298,-0.16732776
1417,-3.0834844,-0.046881404
1418,-2.1986556,-0.117604256
1419,-3.3735962,-0.034867067
1420,-1.7416251,-0.19265729
1421,-2.717534,-0.06831892
1422,-0.2577362,-1.4819205
1423,-0.30964077,-1.3231711
1424,-0.6934512,-0.6928432
1425,-0.29398203,-1.367629
1426,-0.5030484,-0.928071
1427,-0.65648746,-0.7312021
1428,-0.21431063,-1.645571
1429,-1.533128,-0.24316688
1430,-1.2148709,-0.35204038
1431,-2.4120991,-0.09390081
1432,-2.2540941,-0.110896416
1433,-3.3904357,-0.03427469
1434,-0.63659596,-0.75308925
1435,-0.13665424,-2.0578501
1436,-1.6187408,-0.22083127
1437,-0.5034339,-0.92748183
1438,-0.22913288,-1.585833
1439,-3.98355,-0.0187949
1440,-0.5365878,-0.87885076
1441,-1.3079947,-0.31520632
1442,-4.004519,-0.018401269
1443,-3.9479356,-0.01948303
1444,-0.80068886,-0.59605587
1445,-3.9514663,-0.0194137
1446,-0.08399502,-2.5187018
1447,-0.6939285,-0.6923664
1448,-0.7939279,-0.60159975
1449,-0.60578275,-0.7888811
1450,-0.36263585,-1.1902006
1451,-0.34310773,-1.2363645
1452,-3.2336035,-0.04021306
1453,-0.25409654,-1.4944005
1454,-0.15473698,-1.9423995
1455,-0.2935491,-1.368897
1456,-1.1440564,-0.3834947
1457,-2.4881089,-0.0867208
1458,-3.9034202,-0.020379089
1459,-0.47423837,-0.9738109
1460,-2.546252,-0.081616715
1461,-1.4174461,-0.2775101
1462,-0.20754012,-1.6744064
1463,-1.0786096,-0.41561857
1464,-1.187117,-0.3639868
1465,-1.3755552,-0.29128763
1466,-1.8994607,-0.16210638
1467,-0.4195873,-1.0709524
1468,-0.40125287,-1.1070904
1469,-1.1763794,-0.36873788
1470,-0.20449017,-1.6877387
1471,-0.50839484,-0.919948
1472,-1.3781497,-0.2904118
1473,-3.9313169,-0.019812776
1474,-1.9344387,-0.15607549
1475,-0.13152891,-2.0935724
1476,-0.22933543,-1.5850466
1477,-0.44386643,-1.025969
1478,-0.5482545,-0.8626499
1479,-2.3930776,-0.09579321
1480,-0.38681012,-1.1369998
1481,-3.995413,-0.01857119
1482,-2.332037,-0.10214103
1483,-0.19365218,-1.7369554
1484,-0.29980078,-1.3507951
1485,-0.17943336,-1.8063269
1486,-0.8294645,-0.5732026
1487,-0.31276923,-1.3146014
1488,-0.19876274,-1.7133795
1489,-0.12558126,-2.136936
1490,-2.4841614,-0.08707915
1491,-0.45188436,-1.0117774
1492,-0.30659962,-1.3315988
1493,-0.07655006,-2.6078415
1494,-3.8870814,-0.020718232
1495,-0.7347512,-0.65320516
1496,-3.8291583,-0.021967418
1497,-2.6848948,-0.07066749
1498,-2.8185763,-0.061546568
1499,-3.5020068,-0.03060033
1500,-3.2770145,-0.03847144
1501,-2.8720021,-0.05824951
1502,-0.6869451,-0.6993879
1503,-0.15967725,-1.9133769
1504,-2.7176054,-0.0683138
1505,-2.6562228,-0.072799645
1506,-0.78880453,-0.6058466
1507,-0.2776495,-1.4170107
1508,-0.11153927,-2.24863
1509,-0.23310591,-1.5705523
1510,-0.37268057,-1.1675934
1511,-0.098398365,-2.3675272
1512,-0.5352314,-0.8807637
1513,-1.0056295,-0.4554134
1514,-2.806687,-0.062306162
1515,-0.6762223,-0.7103635
1516,-2.951797,-0.05366003
1517,-2.4781053,-0.08763201
1518,-1.8941581,-0.1630425
1519,-1.4382882,-0.27093467
1520,-0.2674325,-1.449626
1521,-1.2690108,-0.33004624
1522,-0.86451024,-0.5468982
1523,-0.7745836,-0.6178461
1524,-0.8600136,-0.55018395
1525,-3.7331417,-0.024208192
1526,-0.26237348,-1.4663063
1527,-0.13203068,-2.0900104
1528,-1.2062936,-0.35568196
1529,-0.22402073,-1.6059369
1530,-3.901774,-0.020412961
1531,-0.13597198,-2.0625224
1532,-1.104134,-0.4027157
1533,-0.64309084,-0.74584174
1534,-0.36597103,-1.1826122
1535,-2.729339,-0.06748945
1536,-0.7965774,-0.5994191
1537,-2.454692,-0.089803964
1538,-0.20061314,-1.705007
1539,-1.9365958,-0.15571155
1540,-0.11161337,-2.2480016
1541,-0.9195323,-0.50867033
1542,-3.99735,-0.018534914
1543,-2.6240225,-0.07527395
1544,-3.2315457,-0.040297564
1545,-0.14916301,-1.9763702
1546,-1.1978332,-0.35931772
1547,-0.2751055,-1.4250017
1548,-0.15079856,-1.9662626
1549,-0.38147575,-1.1483896
1550,-0.25477025,-1.4920752
1551,-0.4618012,-0.9946511
1552,-0.5020257,-0.92963743
1553,-0.55816233,-0.84923905
1554,-3.888566,-0.02068717
1555,-1.3183601,-0.31139258
1556,-1.5740864,-0.23218024
1557,-0.9930839,-0.46272236
1558,-0.20474859,-1.6866006
1559,-1.9313892,-0.15659149
1560,-1.822007,-0.17638038
1561,-1.932171,-0.15645897
1562,-0.15709388,-1.9284302
1563,-0.48414946,-0.9576887
1564,-0.49509108,-0.9403668
1565,-2.8509004,-0.05952954
1566,-0.6196029,-0.77253264
1567,-3.344072,-0.035930827
1568,-2.230003,-0.113760196
1569,-0.4110806,-1.0874748
1570,-1.2970142,-0.31930587
1571,-0.21584329,-1.6391836
1572,-1.1041913,-0.40268725
1573,-3.7443695,-0.023934713
1574,-1.6483401,-0.21364991
1575,-0.12039692,-2.176556
1576,-0.2327666,-1.5718459
1577,-1.0317571,-0.44064707
1578,-0.11218352,-2.2431865
1579,-3.8430872,-0.021660196
1580,-0.14243579,-2.0192366
1581,-2.091904,-0.13176362
1582,-3.83411,-0.021857673
1583,-3.3328652,-0.03634314
1584,-1.2582546,-0.33428404
1585,-0.12012622,-2.1786742
1586,-2.7647865,-0.065060794
1587,-0.13262689,-2.0857964
1588,-3.6050107,-0.027563559
1589,-2.5765436,-0.07908263
1590,-1.0628235,-0.42385155
1591,-1.3824981,-0.2889506
1592,-3.6404157,-0.026591852
1593,-1.0784719,-0.41568947
1594,-2.8395798,-0.06022804
1595,-0.40114796,-1.1073029
1596,-1.8906708,-0.1636613
1597,-3.6304684,-0.026861357
1598,-0.23297362,-1.5710564
1599,-2.3087883,-0.10467368
1600,-0.49633336,-0.93843055
1601,-3.509,-0.030383756
1602,-3.9761863,-0.01893516
1603,-1.823627,-0.17606814
1604,-0.24893875,-1.512437
1605,-0.22542985,-1.6003445
1606,-0.7681994,-0.6233367
1607,-3.6882138,-0.025334833
1608,-0.0966884,-2.384217
1609,-0.36451906,-1.1859057
1610,-0.72741497,-0.6600148
1611,-3.748301,-0.023839617
1612,-0.43932122,-1.0341563
1613,-3.395585,-0.034095664
1614,-0.14272264,-2.0173647
1615,-3.8130085,-0.022329105
1616,-0.2855385,-1.3927526
1617,-0.52345145,-0.89764595
1618,-3.1682732,-0.042987008
1619,-0.23591386,-1.5599276
1620,-0.32882705,-1.2721359
1621,-2.0680065,-0.13517565
1622,-2.610571,-0.07633316
1623,-2.2359803,-0.11304255
1624,-0.63538444,-0.75445205
1625,-0.22892231,-1.5866511
1626,-3.3317938,-0.03638291
1627,-2.8250635,-0.06113622
1628,-0.5298419,-0.8884276
1629,-2.1250954,-0.12717624
1630,-4.01616,-0.018186368
1631,-2.768149,-0.06483525
1632,-0.8493056,-0.55811256
1633,-0.12295793,-2.156762
1634,-0.09024955,-2.4499626
1635,-0.7540035,-0.63578284
1636,-3.4895515,-0.030989766
1637,-1.0196364,-0.44742218
1638,-1.1457305,-0.3827132
1639,-0.6569447,-0.7307097
1640,-3.0681612,-0.047622778
1641,-0.3016189,-1.3456126
1642,-1.3733753,-0.2920258
1643,-0.48667467,-0.9536473
1644,-0.3028329,-1.3421724
1645,-0.43823883,-1.0361212
1646,-0.72068244,-0.6663499
1647,-0.91010165,-0.51497304
1648,-0.11328686,-2.2339406
1649,-2.0946326,-0.13137996
1650,-1.143614,-0.3837015
1651,-1.1095467,-0.40004247
1652,-0.11525621,-2.217672
1653,-0.07463468,-2.6322353
1654,-0.7609835,-0.62962157
1655,-0.2346473,-1.5647024
1656,-0.07990089,-2.5666525
1657,-1.7811606,-0.18445486
1658,-1.2404441,-0.3414426
1659,-0.119934015,-2.180181
1660,-3.7214694,-0.02449602
1661,-1.2419564,-0.34082773
1662,-1.0195246,-0.44748527
1663,-0.1287889,-2.113284
1664,-0.1417676,-2.0236125
1665,-0.106990874,-2.2880297
1666,-1.3808007,-0.28951997
1667,-0.08622432,-2.4936054
1668,-3.060566,-0.047994733
1669,-1.3466403,-0.30125746
1670,-1.6571126,-0.21157172
1671,-0.4096191,-1.0903556
1672,-0.695573,-0.6907273
1673,-0.9971471,-0.46033922
1674,-0.14689355,-1.9905949
1675,-0.4081495,-1.093265
1676,-0.39833504,-1.1130269
1677,-3.6664548,-0.025899421
1678,-0.3138613,-1.3116335
1679,-0.8573073,-0.5521739
1680,-1.5966393,-0.22636901
1681,-0.9446678,-0.49234527
1682,-0.31172892,-1.3174399
1683,-0.10916644,-2.2689679
1684,-1.5912356,-0.22774644
1685,-0.41688845,-1.0761498
1686,-3.3830655,-0.03453269
1687,-3.210308,-0.04118055
1688,-3.6116798,-0.027377762
1689,-1.67092,-0.20834602
1690,-0.37128395,-1.1706929
1691,-0.9086019,-0.51598465
1692,-3.2589774,-0.039185487
1693,-1.2446052,-0.33975402
1694,-2.579166,-0.078867055
1695,-0.8039054,-0.5934422
1696,-0.26529926,-1.4566154
1697,-3.1588886,-0.04340133
1698,-1.5723234,-0.23264144
1699,-3.4456143,-0.03240452
1700,-0.623536,-0.76796913
1701,-1.2680888,-0.33040705
1702,-2.9382815,-0.054410398
1703,-3.8031564,-0.022552675
1704,-0.79914665,-0.59731454
1705,-0.13152891,-2.0935724
1706,-2.2843463,-0.107407674
1707,-1.3550706,-0.29831034
1708,-3.8624294,-0.02124085
1709,-0.30842584,-1.3265264
1710,-0.2346473,-1.5647024
1711,-1.0103047,-0.4527266
1712,-0.07431633,-2.6363523
1713,-3.854044,-0.021421725
1714,-3.4305348,-0.03290515
1715,-1.3165157,-0.31206736
1716,-2.5279791,-0.083186135
1717,-2.415628,-0.09355412
1718,-1.4899578,-0.25538555
1719,-0.17953208,-1.8058248
1720,-0.34514478,-1.2314051
1721,-1.4797442,-0.2583769
1722,-1.1089642,-0.4003291
1723,-0.9446678,-0.49234527
1724,-3.7667427,-0.023398943
1725,-0.4637506,-0.99133855
1726,-0.71482354,-0.67193073
1727,-0.394944,-1.1199926
1728,-3.326813,-0.03656785
1729,-0.07871016,-2.5810802
1730,-0.17474483,-1.8305291
1731,-0.7356041,-0.6524197
1732,-0.17306471,-1.8393743
1733,-0.7282107,-0.65927154
1734,-0.5986968,-0.7974578
1735,-0.9318766,-0.50056833
1736,-0.2419779,-1.5374594
1737,-1.6400111,-0.21564414
1738,-3.999252,-0.018499456
1739,-0.27639097,-1.4209533
1740,-1.5365249,-0.24223383
1741,-3.7648873,-0.023442844
1742,-4.0283303,-0.017964397
1743,-1.0657108,-0.42233095
1744,-1.8023307,-0.18022062
1745,-0.11311824,-2.2353477
1746,-0.98154724,-0.46957305
1747,-0.96967304,-0.47675762
1748,-0.40423906,-1.101069
1749,-1.0496508,-0.4308752
1750,-0.2860773,-1.3911241
1751,-2.3064673,-0.10493003
1752,-2.790748,-0.063339576
1753,-0.22837724,-1.5887727
1754,-0.88171923,-0.53455573
1755,-0.118062526,-2.1949909
1756,-0.26448062,-1.4593146
1757,-0.1274167,-2.1233242
1758,-0.43992534,-1.033062
1759,-2.321313,-0.103301086
1760,-0.35910848,-1.1983174
1761,-0.630928,-0.7594959
1762,-2.637289,-0.07424417
1763,-3.3763528,-0.03476932
1764,-1.698065,-0.20216195
1765,-1.0618942,-0.42434245
1766,-3.0417442,-0.0489293
1767,-1.2582546,-0.33428404
1768,-0.91443473,-0.5120647
1769,-0.39948282,-1.1106852
1770,-2.0019836,-0.14510334
1771,-0.28922746,-1.3816724
1772,-2.080227,-0.1334193
1773,-0.43030944,-1.050702
1774,-2.7335894,-0.06719334
1775,-0.22667858,-1.5954213
1776,-3.1503975,-0.043779537
1777,-0.07613676,-2.6130507
1778,-1.2343206,-0.34394547
1779,-0.83276427,-0.5706562
1780,-1.2401272,-0.34157166
1781,-1.0611091,-0.42475772
1782,-2.1189709,-0.1280098
1783,-0.23750667,-1.5539634
1784,-0.45442152,-1.0073514
1785,-0.50831455,-0.9200692
1786,-2.101241,-0.13045557
1787,-0.13197635,-2.0903947
1788,-2.9294555,-0.054906227
1789,-0.4874246,-0.9524523
1790,-1.3141118,-0.31294918
1791,-0.71302617,-0.67365575
1792,-3.7039983,-0.02493319
1793,-0.48031312,-0.9638796
1794,-1.416255,-0.27789137
1795,-1.9966356,-0.14594105
1796,-1.0482014,-0.4316567
1797,-0.6869451,-0.6993879
1798,-3.6178596,-0.027206894
1799,-3.7386937,-0.024072625
